<?xml version="1.0"?>
<Runs Version="1" Minor="0">
	<Run Id="design_1_axi_bram_ctrl_0_0_synth_1" LaunchDir="A:/OneDrive - Bogholderiservice/SDU Robotteknoligi/7. Semester/ESSD/Assignments/Assignment 2/A2_G6/A2_G6.runs/design_1_axi_bram_ctrl_0_0_synth_1" FlowId="Vivado_Synthesis" FromStepId="vivado" ToStepId="vivado"/>
	<Run Id="design_1_axi_bram_ctrl_0_bram_0_synth_1" LaunchDir="A:/OneDrive - Bogholderiservice/SDU Robotteknoligi/7. Semester/ESSD/Assignments/Assignment 2/A2_G6/A2_G6.runs/design_1_axi_bram_ctrl_0_bram_0_synth_1" FlowId="Vivado_Synthesis" FromStepId="vivado" ToStepId="vivado"/>
	<Run Id="design_1_axi_smc_0_synth_1" LaunchDir="A:/OneDrive - Bogholderiservice/SDU Robotteknoligi/7. Semester/ESSD/Assignments/Assignment 2/A2_G6/A2_G6.runs/design_1_axi_smc_0_synth_1" FlowId="Vivado_Synthesis" FromStepId="vivado" ToStepId="vivado"/>
	<Run Id="design_1_rst_ps7_0_50M_0_synth_1" LaunchDir="A:/OneDrive - Bogholderiservice/SDU Robotteknoligi/7. Semester/ESSD/Assignments/Assignment 2/A2_G6/A2_G6.runs/design_1_rst_ps7_0_50M_0_synth_1" FlowId="Vivado_Synthesis" FromStepId="vivado" ToStepId="vivado"/>
	<Run Id="design_1_BRAM_READER_0_0_synth_1" LaunchDir="A:/OneDrive - Bogholderiservice/SDU Robotteknoligi/7. Semester/ESSD/Assignments/Assignment 2/A2_G6/A2_G6.runs/design_1_BRAM_READER_0_0_synth_1" FlowId="Vivado_Synthesis" FromStepId="vivado" ToStepId="vivado"/>
	<Parameters>
		<Parameter Name="runs.monitorLSFJobs" Val="true" Type="bool"/>
		<Parameter Name="runs.enableClusterConf" Val="true" Type="bool"/>
	</Parameters>
</Runs>

